id,store_name,contact_person,contact_number,address,area,landmark,city,state,country,pincode,google_location_url,latitude,longitude,status,notes,created_at
1,Mina Store,,9841034360,"Bagdol Inar Chok, Lalitpur 4",Bagdol Inar Chok,,Lalitpur,Bagmati,Nepal,,,,,prospect,,2026-04-15 09:27:16
2,Anima Kirana Store,,01-5190266,Lalitpur 4,,,Lalitpur,Bagmati,Nepal,,,,,prospect,,2026-04-15 09:27:16
3,,Tek Bahadur,,"Rastrapati Marga, Lalitpur 4",Rastrapati Marga,,Lalitpur,Bagmati,Nepal,,,,,prospect,,2026-04-15 09:27:16
4,,Bikram,9864590553,"Lalitpur 4, Bagdol, Rastrapati Marga",Bagdol,Rastrapati Marga,Lalitpur,Bagmati,Nepal,,,,,prospect,,2026-04-15 09:27:16
5,Masala Pasal,Masala,,"Lalitpur 4, Bagdol",Bagdol,,Lalitpur,Bagmati,Nepal,,https://maps.app.goo.gl/Ped2Q31JV5TJ2s4Y6,,,prospect,,2026-04-15 09:27:16
6,Gorkhali Khadhya Bhandar,,"9841516863, 9851319543","Lalitpur 4, Bagdol",Bagdol,,Lalitpur,Bagmati,Nepal,,https://maps.app.goo.gl/LSGYpghcxVxA9S6F7,,,prospect,,2026-04-15 09:27:16
7,Annapurna Organic Store,,9851198319,"Lalitpur 4, Bagdol",Bagdol,,Lalitpur,Bagmati,Nepal,,https://maps.app.goo.gl/AqYFWLT5qPMHpdxP9,,,prospect,,2026-04-15 09:27:16
8,JSA Enterprises,Santosh Shrestha,9845907637,"Lalitpur 4, Bagdol",Bagdol,,Lalitpur,Bagmati,Nepal,,https://maps.app.goo.gl/NC3cnJ4iHuu1ZWWz7,,,prospect,,2026-04-15 09:27:16
9,Big Mart,Head Office Baluwatar,9802314463,"Lalitpur 4, Bagdol",Bagdol,,Lalitpur,Bagmati,Nepal,,https://maps.app.goo.gl/KFYpv9fF8mKAwv9x5,,,prospect,,2026-04-15 09:27:16
10,Om Aakash Kirana Pasal,Suman Kumar Shrestha,9844565539,"Lalitpur 4, Bagdol",Bagdol,,Lalitpur,Bagmati,Nepal,,https://maps.app.goo.gl/fCwxRhvoRgV3NPbz9,,,prospect,,2026-04-15 09:27:16
11,Kirana Pasal,,,"Lalitpur 4, Bagdol",Bagdol,,Lalitpur,Bagmati,Nepal,,https://maps.app.goo.gl/PkVHkzvYtrB9atju7,,,prospect,,2026-04-15 09:27:16
12,MR. Kirana Store,Mukesh,9843414626,"Lalitpur 4, Bagdol",Bagdol,,Lalitpur,Bagmati,Nepal,,https://maps.app.goo.gl/MjmDFsHfYYBzbEoJ9,,,prospect,,2026-04-15 09:27:16
13,Nabadeep Dairy,,9841795886,"Lalitpur 4, Bagdol",Bagdol,,Lalitpur,Bagmati,Nepal,,https://maps.app.goo.gl/XRY1D96sfXd1UA8E6,,,prospect,,2026-04-15 09:27:16
14,Met Store,,9827130094,"Lalitpur 4, Bagdol",Bagdol,,Lalitpur,Bagmati,Nepal,,https://maps.app.goo.gl/kmAekApMovfwSsE66,,,prospect,,2026-04-15 09:27:16
15,Radharani Store,,9841433793,"Lalitpur 4, Bagdol",Bagdol,,Lalitpur,Bagmati,Nepal,,https://maps.app.goo.gl/yeqHtjN3LvipRxuGA,,,prospect,,2026-04-15 09:27:16
16,Astamatrika Puja Samagri Pasal,,"9860163737, 9841757941","Lalitpur 4, Bagdol",Bagdol,,Lalitpur,Bagmati,Nepal,,https://maps.app.goo.gl/HRGjv1jGBvUWAR8d9,,,prospect,,2026-04-15 09:27:16
17,S and M Grocery,,9841233003,"Lalitpur 4, Bagdol, Aphaldol",Bagdol,Aphaldol,Lalitpur,Bagmati,Nepal,,https://maps.app.goo.gl/shkpaWtnKi8BcbPb7,,,prospect,,2026-04-15 09:27:16
18,Durga Cold Store,,9849108072,"Lalitpur 4, Bagdol, Aphaldol",Bagdol,Aphaldol,Lalitpur,Bagmati,Nepal,,https://maps.app.goo.gl/Ch1gHnkyKcWXa4Q39,,,prospect,,2026-04-15 09:27:16
19,Bina Masala Pasal,,"9823955935, 9822067280","Lalitpur 4, Bagdol",Bagdol,,Lalitpur,Bagmati,Nepal,,https://maps.app.goo.gl/CP3ZVp76LyZSfa4d7,,,prospect,,2026-04-15 09:27:16
20,Pasal,,,"Lalitpur 4, Bagdol",Bagdol,,Lalitpur,Bagmati,Nepal,,https://maps.app.goo.gl/NaLZFuXS8YHYffzX7,,,prospect,,2026-04-15 09:27:16
21,R L Store,Laxman Maharjan,9860558873,"Lalitpur 4, Bagdol, Aphaldol",Bagdol,Aphaldol,Lalitpur,Bagmati,Nepal,,https://maps.app.goo.gl/omTfqEm28khJZUue7,,,prospect,,2026-04-15 09:27:16
22,Prandevi Store,,980914994,"Lalitpur 4, Bagdol",Bagdol,,Lalitpur,Bagmati,Nepal,,https://maps.app.goo.gl/2nwxhcC8L6LuizCa8,,,prospect,,2026-04-15 09:27:16
23,Megendra Store,,9843470056,"Lalitpur 4, Dhobighat",Dhobighat,,Lalitpur,Bagmati,Nepal,,https://maps.app.goo.gl/7umv5XpATiyb9bK87,,,prospect,,2026-04-15 09:27:16
24,,Devendra,9865705293,"Lalitpur 4, Dhobighat",Dhobighat,,Lalitpur,Bagmati,Nepal,,https://maps.app.goo.gl/gmpMdy39n3wXQd2n8,,,prospect,,2026-04-15 09:27:16
25,Karki Store,,98411610019,"Lalitpur 4, Dhobighat",Dhobighat,,Lalitpur,Bagmati,Nepal,,https://maps.app.goo.gl/Y21ABFDh4cPcQTLr5,,,prospect,,2026-04-15 09:27:16
26,Kritika and Ritika Store,,9813033301,"Lalitpur 4, Dhobighat",Dhobighat,,Lalitpur,Bagmati,Nepal,,https://maps.app.goo.gl/GghJrFzmrAcpUnvA6,,,prospect,,2026-04-15 09:27:16
27,New Maharjan Store,,01-5188214,"Lalitpur 4, Dhobighat",Dhobighat,,Lalitpur,Bagmati,Nepal,,https://maps.app.goo.gl/VTFahdCWMncqQJnd7,,,prospect,,2026-04-15 09:27:16
28,Tulasi Store,Nhuchhe Maya Maharjan,"9843676581, 9841930506","Lalitpur 3, Dhobighat",Dhobighat,,Lalitpur,Bagmati,Nepal,,https://maps.app.goo.gl/PsoJSoxMaTRrExNb9,,,prospect,,2026-04-15 09:27:16
29,Bajrangawoli Cold Store,,9841784088,"Lalitpur 3, Dhobighat, Sangam Basti",Dhobighat,Sangam Basti,Lalitpur,Bagmati,Nepal,,https://maps.app.goo.gl/CsMPD8RpcdW4t8nh6,,,prospect,,2026-04-15 09:27:16
30,Binod Kirana and Phalful Pasal,,9861342181,"Lalitpur 4, Bagdol, Rastrapati Marga",Bagdol,Rastrapati Marga,Lalitpur,Bagmati,Nepal,,https://maps.app.goo.gl/j96TQzCCQyNzm4kf6,,,prospect,,2026-04-15 09:27:16
31,Krishna Store,Sunita Khadka,9840427854,"Lalitpur 4, Bagdol",Bagdol,,Lalitpur,Bagmati,Nepal,,https://maps.app.goo.gl/d6MWLuF529G7dh987,,,prospect,,2026-04-15 09:27:16
32,Buddhi Store,Santosh Shrestha,9808864124,"Lalitpur 4, Bagdol",Bagdol,,Lalitpur,Bagmati,Nepal,,https://maps.app.goo.gl/AkYDNZYwNHX9FVG99,,,prospect,,2026-04-15 09:27:16
33,Rabisonu Khadya Store,Niranjan Prasad,9803843336,"Lalitpur 4, Bagdol",Bagdol,,Lalitpur,Bagmati,Nepal,,https://maps.app.goo.gl/Vp6hFgwr7Yiio7b67,,,prospect,,2026-04-15 09:27:16
34,Thapaji Khadka Store,Tilak Bahadur,9742550893,"Lalitpur 4, Bishnudevi",Bishnudevi,,Lalitpur,Bagmati,Nepal,,https://maps.app.goo.gl/5VpamW6quZUzcoug6,,,prospect,,2026-04-15 09:27:16
35,Best Buy Stores,Bishnu Prasad,9868176653,"Lalitpur 13, Nakhu Dobato",Nakhu Dobato,,Lalitpur,Bagmati,Nepal,,https://maps.app.goo.gl/gbTcQgNitiCxAwrA9,,,prospect,,2026-04-15 09:27:16
36,Pan Pasal,,9801832991,"Lalitpur 13, Bishnudevi Mandir, Nakhu",Bishnudevi Mandir,Nakhu,Lalitpur,Bagmati,Nepal,,https://maps.app.goo.gl/88ph3KG1bk6RnrY38,,,prospect,,2026-04-15 09:27:16
37,Shiva Baba Khadhnna,,9806876464,"Lalitpur 13, Nakhu",Nakhu,,Lalitpur,Bagmati,Nepal,,https://maps.app.goo.gl/MbowXPwMeqcgHSm2A,,,prospect,,2026-04-15 09:27:16
38,B K S Store,,9860589501,"Lalitpur 13, Nakhu",Nakhu,,Lalitpur,Bagmati,Nepal,,https://maps.app.goo.gl/ychWs6gfmsEnJnTP9,,,prospect,,2026-04-15 09:27:16
39,Kirana Pasal,,,"Lalitpur 13, Nakhu",Nakhu,,Lalitpur,Bagmati,Nepal,,https://maps.app.goo.gl/qH1iDMCqFVNsJ2k8A,,,prospect,,2026-04-15 09:27:16
40,Usha Store,Binod Gurung,9848020787,"Lalitpur 13, Nakhu",Nakhu,,Lalitpur,Bagmati,Nepal,,https://maps.app.goo.gl/KvbYbV88peb3Y2zC8,,,prospect,,2026-04-15 09:27:16
41,Khusi Kirana Store,,"9768716661, 9768716662","Lalitpur 13, Nakhu",Nakhu,,Lalitpur,Bagmati,Nepal,,https://maps.app.goo.gl/fRVy62AF3vymQDou8,,,prospect,,2026-04-15 09:27:16
42,Riddhi Siddhi Masala tatha Khadhyanna,,"9849395184, 9818334779","Lalitpur 13, Kusunti",Kusunti,,Lalitpur,Bagmati,Nepal,,https://maps.app.goo.gl/HfgkZbUBacwi32Q1A,,,prospect,,2026-04-15 09:27:16
43,Kristi Kirana Pasal,,9864001811,"Lalitpur 13, Kusunti",Kusunti,,Lalitpur,Bagmati,Nepal,,https://maps.app.goo.gl/7AeP4dhHtkWxJwWEA,,,prospect,,2026-04-15 09:27:16
44,Bharatb Kirana Pasal,,,"Lalitpur 13, Kusunti",Kusunti,,Lalitpur,Bagmati,Nepal,,https://maps.app.goo.gl/TZHMRJVhp8vEsUT,,,prospect,,2026-04-15 09:27:16
45,Kusunti Hygenic Khadya Store,,"9843470000, 9841303202","Lalitpur 13, Kusunti",Kusunti,,Lalitpur,Bagmati,Nepal,,https://maps.app.goo.gl/EppZJw9HuTT6cK8e8,,,prospect,,2026-04-15 09:27:16
46,Gamro Dairy and Kirana Pasal,,9849062058,"Lalitpur 13, Kusunti",Kusunti,,Lalitpur,Bagmati,Nepal,,https://maps.app.goo.gl/m3ZPFePQ7TJYggzy6,,,prospect,,2026-04-15 09:27:16
47,Kripa Laxmi Store,Krishna,9869799847,"Lalitpur 13, Kusunti",Kusunti,,Lalitpur,Bagmati,Nepal,,https://maps.app.goo.gl/hR3XaT5SgWxbvKs4A,,,prospect,,2026-04-15 09:27:16
48,Shree Sai Kirana Store,,9829074535,"Lalitpur 13, Kusunti",Kusunti,,Lalitpur,Bagmati,Nepal,,https://maps.app.goo.gl/nN4sFy2GQdDPUgqf9,,,prospect,,2026-04-15 09:27:16
49,Subba Store,,9860695289,"Lalitpur 13, Ranibu Chok",Ranibu Chok,,Lalitpur,Bagmati,Nepal,,https://maps.app.goo.gl/V96Y6TzSZoT77jp16,,,prospect,,2026-04-15 09:27:16
50,Sabina Store,Sabina Store,9869749103,"Lalitpur 3, Dhobighat",Dhobighat,,Lalitpur,Bagmati,Nepal,,https://maps.app.goo.gl/zRtVuGSSXzNHnFat7,,,prospect,,2026-04-15 09:27:16
51,Kirana Pasal,Gopi Maharjan,9849709017,"Lalitpur 3, Dhobighat",Dhobighat,,Lalitpur,Bagmati,Nepal,,https://maps.app.goo.gl/V5g9uW86tZLrF4CD7,,,prospect,,2026-04-15 09:27:16
52,Nisha Dudh Dahi Pasal,,"9864003847, 9807852402","Lalitpur 3, Dhobighat",Dhobighat,,Lalitpur,Bagmati,Nepal,,https://maps.app.goo.gl/9yPrmtvwafssVVcQ7,,,prospect,,2026-04-15 09:27:16
53,Krishna Store,Krishna,9803143462,"Lalitpur 3, Dhobighat",Dhobighat,,Lalitpur,Bagmati,Nepal,,https://maps.app.goo.gl/jTVxwwBdLGYR7N8C9,,,prospect,,2026-04-15 09:27:16
54,B.G Maharjan,,"9851176658, 01-5184368","Lalitpur 3, Dhobighat, Naya Bato",Dhobighat,Naya Bato,Lalitpur,Bagmati,Nepal,,https://maps.app.goo.gl/FYwom9115gfKpDQs5,,,prospect,,2026-04-15 09:27:16
55,Buddha Laxmi,Phurba,9810192694,"Lalitpur 3, Dhobighat, Shanti Basti",Dhobighat,Shanti Basti,Lalitpur,Bagmati,Nepal,,https://maps.app.goo.gl/ZNUxELqAtMqs7K5S6,,,prospect,,2026-04-15 09:27:16
56,Wholesale Suppliers,Tej Prasad Sharma,9818224809,"Lalitpur 2, Sanepa",Sanepa,,Lalitpur,Bagmati,Nepal,,https://maps.app.goo.gl/RKdFsyvKuP5schRr8,,,prospect,,2026-04-15 09:27:16
57,Patanjali Store,,9803641595,"Lalitpur 13, Kusunti",Kusunti,,Lalitpur,Bagmati,Nepal,,https://maps.app.goo.gl/LacMHbuoU518j9tHA,,,prospect,,2026-04-15 09:27:16
58,Parajuli Store,,01-5916181,"Lalitpur 13, Kusunti",Kusunti,,Lalitpur,Bagmati,Nepal,,https://maps.app.goo.gl/cyMiFEMm5Htajgg58,,,prospect,,2026-04-15 09:27:16
59,Masala Pasal,,9841025206,"Lalitpur 13, Kusunti",Kusunti,,Lalitpur,Bagmati,Nepal,,https://maps.app.goo.gl/6QnEhJftWeb2zC2NA,,,prospect,,2026-04-15 09:27:16
60,Raini Kirana Pasal,Sangita Rai,9813049905,"Lalitpur 3, Kusunti",Kusunti,,Lalitpur,Bagmati,Nepal,,https://maps.app.goo.gl/VPiz1vBktNtGUfhy9,,,prospect,,2026-04-15 09:27:16
61,Kc Store,,,"Lalitpur 13, Kusunti",Kusunti,,Lalitpur,Bagmati,Nepal,,https://maps.app.goo.gl/VqoZMeFwzDPfAYHJ7,,,prospect,,2026-04-15 09:27:16
62,Pasal,,,"Lalitpur 13, Kusunti",Kusunti,,Lalitpur,Bagmati,Nepal,,https://maps.app.goo.gl/5V9nBa44fXh3mcfS8,,,prospect,,2026-04-15 09:27:16
63,Samjhana Kirana,Krishna Tamang,9843021146,"Lalitpur 13, Kusunti",Kusunti,,Lalitpur,Bagmati,Nepal,,https://maps.app.goo.gl/rVCp5ZBkmQxwMXB59,,,prospect,,2026-04-15 09:27:16
64,Shree R R Khadhyana Store,,"9851156371, 01-5592365","Lalitpur 13, Nakhu",Nakhu,,Lalitpur,Bagmati,Nepal,,https://maps.app.goo.gl/u6K6hug1YrkoD2zc8,,,prospect,,2026-04-15 09:27:16
65,Surya Store,,01-5590245,"Lalitpur 3, Nakhu",Nakhu,,Lalitpur,Bagmati,Nepal,,https://maps.app.goo.gl/bA5Jb6s3koaKPMM38,,,prospect,,2026-04-15 09:27:16
66,Karyabinayak Dairy,,"9861616040, 9764576535","Lalitpur 13, Nakhu",Nakhu,,Lalitpur,Bagmati,Nepal,,https://maps.app.goo.gl/jkiVuK33Z7HteFR57,,,prospect,,2026-04-15 09:27:16
67,Anuska Kirana Pasal,Kamal,9841788998,"Lalitpur 25, Safal Marg",Safal Marg,,Lalitpur,Bagmati,Nepal,,https://maps.app.goo.gl/WpRsrtxc2ZxMbh1r5,,,prospect,,2026-04-15 09:27:16
68,Bomjan Cold Store,Pragesh,9865095812,"Lalitpur 25, Fulbari Marga",Fulbari Marga,,Lalitpur,Bagmati,Nepal,,https://maps.app.goo.gl/yaEY3pvmKqf6n2dX9,,,prospect,,2026-04-15 09:27:16
69,Gautam Store,Safal Gautam,9847336606,"Lalitpur 25, Fulbari Marga",Fulbari Marga,,Lalitpur,Bagmati,Nepal,,https://maps.app.goo.gl/Ujci9cddkgpS2xKq6,,,prospect,,2026-04-15 09:27:16
70,Pasal,,,"Lalitpur 25, Fulbari Marga",Fulbari Marga,,Lalitpur,Bagmati,Nepal,,https://maps.app.goo.gl/KS5s7AAE79myRFsv5,,,prospect,,2026-04-15 09:27:16
71,Kirana Pasal,,9803268419,"Lalitpur 25, Fulbari Marga",Fulbari Marga,,Lalitpur,Bagmati,Nepal,,https://maps.app.goo.gl/8UNPyHtSyXRrnnV96,,,prospect,,2026-04-15 09:27:16
72,Wholesale Shop,Ujjal,9765349887,"Lalitpur 25, Fulbari Marga",Fulbari Marga,,Lalitpur,Bagmati,Nepal,,https://maps.app.goo.gl/WHtjYur9TthwT6Eb6,,,prospect,,2026-04-15 09:27:16
73,Ranibu Traders,,9841547949,"Lalitpur 13, Ranibu",Ranibu,,Lalitpur,Bagmati,Nepal,,https://maps.app.goo.gl/3zN94xvc7FALtRsW7,,,prospect,,2026-04-15 09:27:16
74,Chandra Surya Store,Mukunda Lungeli,9812010929,"Lalitpur 14, Ranibu",Ranibu,,Lalitpur,Bagmati,Nepal,,https://maps.app.goo.gl/FMsPg7NAiezrDNBy9,,,prospect,,2026-04-15 09:27:16
75,Shuvam Mart,,01-5440892,"Lalitpur 25, Fulbaru Marg, Bhaisepati",Fulbaru Marg,Bhaisepati,Lalitpur,Bagmati,Nepal,,https://maps.app.goo.gl/wdjE9ZGuUXVUXDS88,,,prospect,,2026-04-15 09:27:16
76,Tulasi Masala Mill,,9861118256,"Lalitpur 25, Sayapatri Marga",Sayapatri Marga,,Lalitpur,Bagmati,Nepal,,https://maps.app.goo.gl/PaAQipBHzRnWpPYu9,,,prospect,,2026-04-15 09:27:16
77,Pasal,,,"Lalitpur 25, Shreekul School, Sayapatri Tole",Shreekul School,Sayapatri Tole,Lalitpur,Bagmati,Nepal,,https://maps.app.goo.gl/iSKjtum74pdoYW8B7,,,prospect,,2026-04-15 09:27:16
78,Mahankal Enterprises,Nishant,9851091383,"Lalitpur 25, Bhaisepati",Bhaisepati,,Lalitpur,Bagmati,Nepal,,https://maps.app.goo.gl/ozoWGjjRB5MfasNS9,,,prospect,,2026-04-15 09:27:16
79,Melamchi Spices,Ramraja Basnet,9808629094,"Lalitpur 25, Bhaisepati",Bhaisepati,,Lalitpur,Bagmati,Nepal,,https://maps.app.goo.gl/LXUYMhbHVcAjHZQC9,,,prospect,,2026-04-15 09:27:16
80,Manohari Store,,9841467787,"Lalitpur 25, Bhaisepati Chok",Bhaisepati Chok,,Lalitpur,Bagmati,Nepal,,https://maps.app.goo.gl/UzsJkiB7TTjVp3fe9,,,prospect,,2026-04-15 09:27:16
81,Gupta Pan Pasal,Santosh Gupta,9767925162,"Lalitpur 25, Bhaisepati",Bhaisepati,,Lalitpur,Bagmati,Nepal,,https://maps.app.goo.gl/KcSvDGWHMzUi9fHj6,,,prospect,,2026-04-15 09:27:16
82,New Dahal Store,,"9841416866, 9849497886","Lalitpur 25, Bhaisepati",Bhaisepati,,Lalitpur,Bagmati,Nepal,,https://maps.app.goo.gl/HSGoZpt2Pv1eyFM5A,,,prospect,,2026-04-15 09:27:16
83,A. M. Store,,9841412205,"Lalitpur 25, Bhaisepati",Bhaisepati,,Lalitpur,Bagmati,Nepal,,https://maps.app.goo.gl/XTvXXkitvum1yRJS8,,,prospect,,2026-04-15 09:27:16
84,Prajuna Dairy tatha Khadya Store,,9866266940,"Lalitpur 25, Naya Bazar Saibu",Naya Bazar Saibu,,Lalitpur,Bagmati,Nepal,,https://maps.app.goo.gl/7qAB2KUKvdMfgrUu6,,,prospect,,2026-04-15 09:27:16
85,Aayusha Store,Aayusha,9841434098,"Lalitpur 25, Bhaisepati",Bhaisepati,,Lalitpur,Bagmati,Nepal,,https://maps.app.goo.gl/W9UdxR9ixS699R4K8,,,prospect,,2026-04-15 09:27:16
86,Genius Store,,9866266920,"Lalitpur 25, Bhaisepati",Bhaisepati,,Lalitpur,Bagmati,Nepal,,https://maps.app.goo.gl/KonvSQZJkvJoHxkQ8,,,prospect,,2026-04-15 09:27:16
87,New Sagar Store,Prem,9765340501,"Lalitpur 25, Bhaisepati",Bhaisepati,,Lalitpur,Bagmati,Nepal,,https://maps.app.goo.gl/CspHLpHvboxDqwmL7,,,prospect,,2026-04-15 09:27:16
88,Munaa Bazar,Bhaisepati Branch,9801815610,"Lalitpur 25, Bhaisepati",Bhaisepati,,Lalitpur,Bagmati,Nepal,,https://maps.app.goo.gl/5BnQnpBnmDt3Hk8c7,,,prospect,,2026-04-15 09:27:16
89,Aama Organic Tarkari tatha Dry Fruits C,Sanjib Tamang,9742549178,"Lalitpur 18, Bhaisepati, Saibu",Bhaisepati,Saibu,Lalitpur,Bagmati,Nepal,,https://maps.app.goo.gl/VidWsP4QZsdKpcsm9,,,prospect,,2026-04-15 09:27:16
90,Budhathoki Store,Dipak Budhathoki,"9841169100, 9818057774","Lalitpur 18, Khadka Gau",Khadka Gau,,Lalitpur,Bagmati,Nepal,,https://maps.app.goo.gl/6Sx2NSaXwsMfBmAc6,,,prospect,,2026-04-15 09:27:16
91,Wonjal Khadya Store,,9841699548,"Lalitpur 25, Bhaisepati",Bhaisepati,,Lalitpur,Bagmati,Nepal,,https://maps.app.goo.gl/kkNqaeZhwqPyXrTV9,,,prospect,,2026-04-15 09:27:16
92,Metro Market,"Head Office, Dallu",9801268304,"Lalitpur 25, Bhaisepati",Bhaisepati,,Lalitpur,Bagmati,Nepal,,https://maps.app.goo.gl/zuoWRxis5EYGpPhJA,,,prospect,,2026-04-15 09:27:16
93,Anu and Chandra Store,,9803100630,"Lalitpur 25, Bhaisepati",Bhaisepati,,Lalitpur,Bagmati,Nepal,,https://maps.app.goo.gl/pNAf1Q7rCRxAHbkx8,,,prospect,,2026-04-15 09:27:16
94,Saibu Khadya Bhandar,Rajesh,9849605544,"Lalitpur 25, Bhaisepati",Bhaisepati,,Lalitpur,Bagmati,Nepal,,https://maps.app.goo.gl/jt2Vd5eETVfEunb79,,,prospect,,2026-04-15 09:27:16
95,Amar Mithai Pasal,,"9841253145, 9841160309","Lalitpur 13, Nakhhu",Nakhhu,,Lalitpur,Bagmati,Nepal,,https://maps.app.goo.gl/oaA29cF4oP3MEuyG7,,,prospect,,2026-04-15 09:27:16
96,Shridi Sai Store,Prince Gupta,9813513187,"Lalitpur 18, Nakhhu",Nakhhu,,Lalitpur,Bagmati,Nepal,,https://maps.app.goo.gl/9tZ8oLYDG11M88b36,,,prospect,,2026-04-15 09:27:16
97,Shrestha Khadhyanna Store,Ritu Shrestha,9862970244,"Lalitpur 18, Nakhhu",Nakhhu,,Lalitpur,Bagmati,Nepal,,https://maps.app.goo.gl/Qq1ZuFwhqeSJ1UHk6,,,prospect,,2026-04-15 09:27:16
98,Prashamsa Store,,9841261088,"Lalitpur 18, Nakhhu",Nakhhu,,Lalitpur,Bagmati,Nepal,,https://maps.app.goo.gl/aLRHKGU5d1ThERbM8,,,prospect,,2026-04-15 09:27:16
99,Kirana Pasal,Raju Uraw,9706011130,"Lalitpur 18, Shrijana Tole",Shrijana Tole,,Lalitpur,Bagmati,Nepal,,https://maps.app.goo.gl/4zmZZTEGJ1DyH3Au8,,,prospect,,2026-04-15 09:27:16
100,Rejina Kirana,Ganesh Katuwal,9843203408,"Lalitpur 18, Nakhu Milan Basti",Nakhu Milan Basti,,Lalitpur,Bagmati,Nepal,,https://maps.app.goo.gl/k3k4gK37Vu1sKACFA,,,prospect,,2026-04-15 09:27:16
101,U.D. Minimart,,"9849726676, 9841221830","Lalitpur 18, Milanbasti Shaibu",Milanbasti Shaibu,,Lalitpur,Bagmati,Nepal,,https://maps.app.goo.gl/WGtrDaTX8Hn97VGy6,,,prospect,,2026-04-15 09:27:16
102,Krishna Store,Krishna Ghimire,9867748098,"Lalitpur 18, Shaibu",Shaibu,,Lalitpur,Bagmati,Nepal,,https://maps.app.goo.gl/QXtejZkKHUKbRPx48,,,prospect,,2026-04-15 09:27:16
103,Gurung Store,Tech Bahadur Gurung,9800767144,"Lalitpur 18, Nakhhu",Nakhhu,,Lalitpur,Bagmati,Nepal,,https://maps.app.goo.gl/t7Z3Z3SW7PkxozW48,,,prospect,,2026-04-15 09:27:16
104,Champa Devi Khadya Store,Sharan Shrestha,9851081928,"Lalitpur 18, Shaibu",Shaibu,,Lalitpur,Bagmati,Nepal,,https://maps.app.goo.gl/DRhNbB8Dd9mmTejr7,,,prospect,,2026-04-15 09:27:16
105,Hamro Dailekhi Kirana Pasal,Bidhya Pokhrel,9851194232,"Lalitpur 18, Shaibu",Shaibu,,Lalitpur,Bagmati,Nepal,,https://maps.app.goo.gl/byFAycPZ4T4jvJpbA,,,prospect,,2026-04-15 09:27:16
106,Sandipa Kirana Store,Sujan,"9860581728, 9823352980","Lalitpur 18, Shaibu",Shaibu,,Lalitpur,Bagmati,Nepal,,https://maps.app.goo.gl/NHWqzACc1rAoMMidA,,,prospect,,2026-04-15 09:27:16
107,Brakhar Chambra Dairy,,9806130666,"Lalitpur 18, Saibu, Bhaisepati",Saibu,Bhaisepati,Lalitpur,Bagmati,Nepal,,https://maps.app.goo.gl/6AD3zqCTEqmhvTaT7,,,prospect,,2026-04-15 09:27:16
108,Manish Store,,9860783200,"Lalitpur 18, Nakhhu",Nakhhu,,Lalitpur,Bagmati,Nepal,,https://maps.app.goo.gl/AYpSKGg86LkK8Qhq5,,,prospect,,2026-04-15 09:27:16
109,Himangi Trading Company,Ranjan Shah,9851297786,"Lalitpur 18, Nakhu",Nakhu,,Lalitpur,Bagmati,Nepal,,https://maps.app.goo.gl/bii7rYJ39BoiZXWF9,,,prospect,,2026-04-15 09:27:16
110,Maharjan Store,Bijan Maharjan,9841741208,"Lalitpur 18, Nakhu",Nakhu,,Lalitpur,Bagmati,Nepal,,https://maps.app.goo.gl/wzdCE8NUixUV4qFt7,,,prospect,,2026-04-15 09:27:16
111,Jaimasi Store,,9843324156,"Lalitpur 18, Nakhu, Saibu",Nakhu,Saibu,Lalitpur,Bagmati,Nepal,,https://maps.app.goo.gl/SuvyxD5ErBuwYXycA,,,prospect,,2026-04-15 09:27:16
112,Sangam Mart,Ramesh Basnet,9851049866,"Lalitpur 18, Nakhu",Nakhu,,Lalitpur,Bagmati,Nepal,,https://maps.app.goo.gl/ZBMBTNKi9B5F8UUx7,,,prospect,,2026-04-15 09:27:16
113,Pasal,Man Kumari Shrestha,,"Lalitpur 18, Nakhu",Nakhu,,Lalitpur,Bagmati,Nepal,,https://maps.app.goo.gl/WdwMUF6tEwBNuEwN9,,,prospect,,2026-04-15 09:27:16
114,Balkumari Khadyanna Pasal,Keshab Paudel,9851352107,"Lalitpur 18, Saibu",Saibu,,Lalitpur,Bagmati,Nepal,,https://maps.app.goo.gl/14yRzqP6tS7THBoHA,,,prospect,,2026-04-15 09:27:16
115,Masala Pasal,Tika Prasad Nepal,9843256794,"Lalitpur 18, Saibu",Saibu,,Lalitpur,Bagmati,Nepal,,https://maps.app.goo.gl/4sJdwKuEKt6cZmZE6,,,prospect,,2026-04-15 09:27:16
116,The Best Mart,Ram Thapa,9861759779,"Lalitpur 18, Thapa Gau, Bhaisepati",Thapa Gau,Bhaisepati,Lalitpur,Bagmati,Nepal,,https://maps.app.goo.gl/eK2FmmjgxUdVnvut9,,,prospect,,2026-04-15 09:27:16
117,Kavreli Dudh Bhandar,,"9841950352, 9841484903","Lalitpur 18, Bhaisepati",Bhaisepati,,Lalitpur,Bagmati,Nepal,,https://maps.app.goo.gl/Yu2tuQEjxXPo4BAK8,,,prospect,,2026-04-15 09:27:16
118,Manahari Store,Manahari,"9841467787, 9849594877","Lalitpur 18, Bhaisepati",Bhaisepati,,Lalitpur,Bagmati,Nepal,,https://maps.app.goo.gl/VwviJNEQzrrS5m4L9,,,prospect,,2026-04-15 09:27:16
119,R. B Store,,9862958944,"Lalitpur 18, Bhaisepati, Magar G",Bhaisepati,Magar G,Lalitpur,Bagmati,Nepal,,https://maps.app.goo.gl/KYFXcw17F4pu1exB6,,,prospect,,2026-04-15 09:27:16
120,S S Kirana Store,,9848217000,"Lalitpur 18, Bhaisepati, Magar G",Bhaisepati,Magar G,Lalitpur,Bagmati,Nepal,,https://maps.app.goo.gl/vLXepMNmRxjGAhHQ9,,,prospect,,2026-04-15 09:27:16
121,Supreme Store,,9816746093,"Lalitpur 18, Bhaisepati, Magar G",Bhaisepati,Magar G,Lalitpur,Bagmati,Nepal,,https://maps.app.goo.gl/fPZVgM4bKpQvEk9d7,,,prospect,,2026-04-15 09:27:16
122,Pranisha Khadyanna Store,,9848772551,"Lalitpur 18, Bhaisepati, Magar G",Bhaisepati,Magar G,Lalitpur,Bagmati,Nepal,,https://maps.app.goo.gl/E2LcSgirSfbqMmiA8,,,prospect,,2026-04-15 09:27:16
123,Preeti Food Concern,,9810100721,"Lalitpur 25, Bhaisepati",Bhaisepati,,Lalitpur,Bagmati,Nepal,,https://maps.app.goo.gl/Pkb93wu6z2DSFMj4A,,,prospect,,2026-04-15 09:27:16
124,Shrestha Store,,9803510550,"Lalitpur 4, Dhobighat",Dhobighat,,Lalitpur,Bagmati,Nepal,,https://maps.app.goo.gl/vn9hvhqgThdeWKaRA,,,prospect,,2026-04-15 09:27:16
125,Easy Eats/ Easy Mart,,"9851067072, 9813480226","Lalitpur 4, Dhobighat",Dhobighat,,Lalitpur,Bagmati,Nepal,,https://maps.app.goo.gl/FmX6EFu8cse1SjKY6,,,prospect,,2026-04-15 09:27:16
126,Tulasi Store,,01-5538561,"Lalitpur 4, Dhobighat",Dhobighat,,Lalitpur,Bagmati,Nepal,,https://maps.app.goo.gl/jVm6SErPytDptB3Y9,,,prospect,,2026-04-15 09:27:16
127,Anjali Store,Prakash Shrestha,9803000975,"Lalitpur 3, Dhobighat",Dhobighat,,Lalitpur,Bagmati,Nepal,,https://maps.app.goo.gl/KTbNRpZbBY7S1AxdA,,,prospect,,2026-04-15 09:27:16
128,Local Hub & Suppliers,,"01-4443307, 9861413480","Lalitpur 3, Dhobighat",Dhobighat,,Lalitpur,Bagmati,Nepal,,https://maps.app.goo.gl/JgqrrLhYViHx32Nx7,,,prospect,,2026-04-15 09:27:16
129,Rishi Store,Suman,9841360227,"Lalitpur 3, Dhobighat",Dhobighat,,Lalitpur,Bagmati,Nepal,,https://maps.app.goo.gl/7xQGRU928VVVF6JaA,,,prospect,,2026-04-15 09:27:16
130,Alina Store,,,"Lalitpur 3, Jhamsikhel",Jhamsikhel,,Lalitpur,Bagmati,Nepal,,https://maps.app.goo.gl/kSpXpepR5Ptdvfxg7,,,prospect,,2026-04-15 09:27:16
131,Himali Masala Pasal,,9841485834,"Lalitpur 4, Bhani Mandal",Bhani Mandal,,Lalitpur,Bagmati,Nepal,,https://maps.app.goo.gl/WhTVNUeSfCNijQcUA,,,prospect,,2026-04-15 09:27:16
132,Aekantakuna Store,Krishna,9841204921,"Lalitpur 13, Aekantakuna",Aekantakuna,,Lalitpur,Bagmati,Nepal,,https://maps.app.goo.gl/17GtQ1xJu1ZNvRtU6,,,prospect,,2026-04-15 09:27:16
133,B M Store,,015550417,"Lalitpur 13, Ekantakuna",Ekantakuna,,Lalitpur,Bagmati,Nepal,,https://maps.app.goo.gl/M37SNZ8cRG9Kfhme8,,,prospect,,2026-04-15 09:27:16
134,Aashish Store,,9843643120,"Lalitpur 13, Nakhhu Dobato",Nakhhu Dobato,,Lalitpur,Bagmati,Nepal,,https://maps.app.goo.gl/nRJFpWVGQ4KqWZf89,,,prospect,,2026-04-15 09:27:16
135,Arbin Store,Kamala,9803521398,"Lalitpur 13, Ekantakuna",Ekantakuna,,Lalitpur,Bagmati,Nepal,,https://maps.app.goo.gl/D9gUr9jLi8JQwK6z7,,,prospect,,2026-04-15 09:27:16
136,Lakhe Super Store,,9841326997,"Lalitpur 13, Ekantapur",Ekantapur,,Lalitpur,Bagmati,Nepal,,https://maps.app.goo.gl/45iGPcothrUrFgHG8,,,prospect,,2026-04-15 09:27:16
137,Sharma Store,,"9851950513, 015432723","Lalitpur 4, Jawalakhel",Jawalakhel,,Lalitpur,Bagmati,Nepal,,https://maps.app.goo.gl/AwJbhdFDQ9TwpFee9,,,prospect,,2026-04-15 09:27:16
138,Dambar Cold Store,,,"Lalitpur 13, Jwawalakhel",Jwawalakhel,,Lalitpur,Bagmati,Nepal,,https://maps.app.goo.gl/8S7UdESDT6zi415E9,,,prospect,,2026-04-15 09:27:16
139,K S Store,Baburam Ghimire,9851029478,"Lalitpur 5, Jawalakhel",Jawalakhel,,Lalitpur,Bagmati,Nepal,,https://maps.app.goo.gl/UnGVwy1H3YZr8oKUA,,,prospect,,2026-04-15 09:27:16
140,Ram Store,Ram,"9841814926, 01-5530216","Lalitpur 13, Kusunti",Kusunti,,Lalitpur,Bagmati,Nepal,,https://maps.app.goo.gl/ZhX5ZLnC17PRoJ9q8,,,prospect,,2026-04-15 09:27:16
141,Ganga and Jamuna Khadya Store,,9841957998,"Lalitpur 13, Kusunti",Kusunti,,Lalitpur,Bagmati,Nepal,,https://maps.app.goo.gl/6tcsHpS152yYXCqK8,,,prospect,,2026-04-15 09:27:16
142,Saugat and Subodh Khadhanna Store,M Kumar Shrestha,9843699762,"Lalitpur 13, Kusunti",Kusunti,,Lalitpur,Bagmati,Nepal,,https://maps.app.goo.gl/NxK7iJCa5BKmTzR69,,,prospect,,2026-04-15 09:27:16
143,Sushanta Store,,,"Lalitpur 18, Bhaisepati Wai Wai",Bhaisepati Wai Wai,,Lalitpur,Bagmati,Nepal,,https://maps.app.goo.gl/nreS9twTyT2wb6Ac7,,,prospect,,2026-04-15 09:27:16
144,Aayush Kirana tatha Tarkari Wholesale,Ranjit,9813647957,"Lalitpur 18, Bhaisepati",Bhaisepati,,Lalitpur,Bagmati,Nepal,,https://maps.app.goo.gl/S2ZrD7WKYzFKTjTm7,,,prospect,,2026-04-15 09:27:16
145,Saraswati Khadya Store,Saraswati Kirana Pasal,9851204027,"Lalitpur 18, Khokana Dobato, Bhaisepati",Khokana Dobato,Bhaisepati,Lalitpur,Bagmati,Nepal,,https://maps.app.goo.gl/2p2ZwMA3ywzzw5i4A,,,prospect,,2026-04-15 09:27:16
146,Radhika Interprises,,"9851086770, 9841715164","Lalitpur 25, Khokana Dobato, Bhaisepati",Khokana Dobato,Bhaisepati,Lalitpur,Bagmati,Nepal,,https://maps.app.goo.gl/cXqZy7DucTqssYpA8,,,prospect,,2026-04-15 09:27:16
147,Bishnu Store,,015592607,"Lalitpur 25, Bhaisepati",Bhaisepati,,Lalitpur,Bagmati,Nepal,,https://maps.app.goo.gl/jD8S61cowxQ9pALC,,,prospect,,2026-04-15 09:27:16
148,Ghusel Krishi tatha Dairy Farm,Ashika Ghimire,"9864999360, 9849771378","Lalitpur 22, Bungmati, Bhandari Tole",Bungmati,Bhandari Tole,Lalitpur,Bagmati,Nepal,,https://maps.app.goo.gl/UvHLG5AqjLLHGEPj8,,,prospect,,2026-04-15 09:27:16
149,Rama Khadhyanna,Raju Shakya,9818355911,"Lalitpur 25, Chhasikot",Chhasikot,,Lalitpur,Bagmati,Nepal,,https://maps.app.goo.gl/P8BJrCMFzjFG7nYY8,,,prospect,,2026-04-15 09:27:16
150,Kashyap Puja tatha Jyotish,Ashok Ghimire,9765024645,"Lalitpur 25, Chhasikot",Chhasikot,,Lalitpur,Bagmati,Nepal,,https://maps.app.goo.gl/We8tUww52ToqneEU9,,,prospect,,2026-04-15 09:27:16
151,Bajrabarahi Puja tatha Ayurvedic Pasal,,9860223473,"Lalitpur 18, Bhaisepati",Bhaisepati,,Lalitpur,Bagmati,Nepal,,https://maps.app.goo.gl/ZfQPgHkTRSZZLmKF8,,,prospect,,2026-04-15 09:27:16
152,Naba Durga Store,,015446831,"Lalitpur 5, Lagankhel",Lagankhel,,Lalitpur,Bagmati,Nepal,,https://maps.app.goo.gl/pSkvkUvMKCYLG5cR6,,,prospect,,2026-04-15 09:27:16
153,A R K Store,Arun,9849165029,"Lalitpur 5, Lagankhel",Lagankhel,,Lalitpur,Bagmati,Nepal,,https://maps.app.goo.gl/wyS7MuVXw5QS43d29,,,prospect,,2026-04-15 09:27:16
154,Shakya Khadya Store,,9849188995,"Lalitpur 5, Lagankhel",Lagankhel,,Lalitpur,Bagmati,Nepal,,https://maps.app.goo.gl/wVAJHWMttyhuWCcD9,,,prospect,,2026-04-15 09:27:16
155,Masala Pasal,Keshab Timalsina,9865125979,"Lalitpur 5, Lagankhel",Lagankhel,,Lalitpur,Bagmati,Nepal,,https://maps.app.goo.gl/XZjpRvzDj434YudCA,,,prospect,,2026-04-15 09:27:16
156,Shree Mahalaxmi Store,,9841304132,"Lalitpur 5, Mahalaxmi",Mahalaxmi,,Lalitpur,Bagmati,Nepal,,https://maps.app.goo.gl/JnzAAiQv1wAwMgxp8,,,prospect,,2026-04-15 09:27:16
157,Dealer Nepal,Navaraj,9801800962,"Lalitpur 5, Mahalaxmi",Mahalaxmi,,Lalitpur,Bagmati,Nepal,,https://maps.app.goo.gl/k5SD6Y1Mcb4Zamu79,,,prospect,,2026-04-15 09:27:16
158,Masala Pasal,,015454288,"Lalitpur 5, Lagankhel",Lagankhel,,Lalitpur,Bagmati,Nepal,,https://maps.app.goo.gl/G8EedXgSzRPt6eN56,,,prospect,,2026-04-15 09:27:16
159,Dhakshinkali Interprises,,01-5547963,"Lalitpur 14, Lagankhel",Lagankhel,,Lalitpur,Bagmati,Nepal,,https://maps.app.goo.gl/p2W7jfz2tqvZzWXU9,,,prospect,,2026-04-15 09:27:16
160,Koshaeli Ghar Gudpak Pasal,,,"Lalitpur 12, Lagankhel",Lagankhel,,Lalitpur,Bagmati,Nepal,,https://maps.app.goo.gl/FWMFADcqQpBCmtbr7,,,prospect,,2026-04-15 09:27:16
161,Kantipur Traders,Ram Shankar,01-5440602,"Lalitpur 12, Lagankhel",Lagankhel,,Lalitpur,Bagmati,Nepal,,https://maps.app.goo.gl/inzXDfctpnjYrHFY6,,,prospect,,2026-04-15 09:27:16
162,Riddhi Siddhi Pau Pasal,,9849495931,"Lalitpur 12, Lagankhel",Lagankhel,,Lalitpur,Bagmati,Nepal,,https://maps.app.goo.gl/bNdfjPmZoCxLYSTG7,,,prospect,,2026-04-15 09:27:16
163,Sabin Store,,"01-5447595, 9841540","Lalitpur 12, Lagankhel",Lagankhel,,Lalitpur,Bagmati,Nepal,,https://maps.app.goo.gl/dagFHPg3TZXPQwxV7,,,prospect,,2026-04-15 09:27:16
164,Siddhi Vinayak Khadhyanna Store,,"9851061352, 9841256353","Lalitpur 12, Lagankhel",Lagankhel,,Lalitpur,Bagmati,Nepal,,https://maps.app.goo.gl/qj3dk88TTfV9bm7f6,,,prospect,,2026-04-15 09:27:16
165,Sagarmatha Store,Pradip Rai,9841672611,"Lalitpur 25, Bhaisepati",Bhaisepati,,Lalitpur,Bagmati,Nepal,,https://maps.app.goo.gl/wNNduYiUrqKZuAPbA,,,prospect,,2026-04-15 09:27:16
166,Kirana Pasal,Ramesh Subesi,9841261374,"Lalitpur 25, Bhaisepati",Bhaisepati,,Lalitpur,Bagmati,Nepal,,https://maps.app.goo.gl/GENYbAhKxYwbTEux5,,,prospect,,2026-04-15 09:27:16
167,Delivery Mart,,9851048165,"Lalitpur 25, Bhaisepati",Bhaisepati,,Lalitpur,Bagmati,Nepal,,https://maps.app.goo.gl/fb6EHHQShA3QE4tw9,,,prospect,,2026-04-15 09:27:16
168,Nirmala Store,,,"Lalitpur 25, Bhaisepati",Bhaisepati,,Lalitpur,Bagmati,Nepal,,https://maps.app.goo.gl/9N5izoJu2Skbue1i6,,,prospect,,2026-04-15 09:27:16
169,Pabitra Kirana Pasal,,,"Lalitpur 18, Bhaisepati",Bhaisepati,,Lalitpur,Bagmati,Nepal,,https://maps.app.goo.gl/AVej2VKrb68R2ytF6,,,prospect,,2026-04-15 09:27:16
170,Wonzal Mart,,,"Lalitpur 18, Bhaisepati",Bhaisepati,,Lalitpur,Bagmati,Nepal,,https://maps.app.goo.gl/mc6mGqQZ2b424hWN6,,,prospect,,2026-04-15 09:27:16
171,Dana Pasal,,9818844371,"Lalitpur 18, Bhaisepati Saibu",Bhaisepati Saibu,,Lalitpur,Bagmati,Nepal,,https://maps.app.goo.gl/FnQfKVuUSZJ53QZB7,,,prospect,,2026-04-15 09:27:16
172,Gaurab Store,,015592049,"Lalitpur 25, Bhaisepati",Bhaisepati,,Lalitpur,Bagmati,Nepal,,https://maps.app.goo.gl/WyJK2kUcoyimtkok7,,,prospect,,2026-04-15 09:27:16
173,Nabin Karyabinayak Masala Pasal,Nabin,9841782418,"Lalitpur 25, Bhaisepati",Bhaisepati,,Lalitpur,Bagmati,Nepal,,https://maps.app.goo.gl/6DiywUG4dRw35PCK6,,,prospect,,2026-04-15 09:27:16
174,Dairy Pasal,Rabin Ghimire,9849836934,"Lalitpur 25, Nakhudole",Nakhudole,,Lalitpur,Bagmati,Nepal,,https://maps.app.goo.gl/TEdGBKokxvVEcEcd6,,,prospect,,2026-04-15 09:27:16
175,Purnima Cold Store,,9849363735,"Lalitpur 25, Nakhudole",Nakhudole,,Lalitpur,Bagmati,Nepal,,https://maps.app.goo.gl/zbX78T3Lp21VaQ7t6,,,prospect,,2026-04-15 09:27:16
176,Anushka Store,,"9851010258,  9841672179","Lalitpur 25, Nakhudole",Nakhudole,,Lalitpur,Bagmati,Nepal,,https://maps.app.goo.gl/dveDrbfHZT9WRZgV7,,,prospect,,2026-04-15 09:27:16
177,Masala Tarkari Pasal,Kamala Gautam,9848818266,"Lalitpur 25, Nakhudole",Nakhudole,,Lalitpur,Bagmati,Nepal,,https://maps.app.goo.gl/7Fk9uaQDxnf27FRr6,,,prospect,,2026-04-15 09:27:16
178,Kirana Pasal,Sarmila Dahal,9861757825,"Lalitpur 25, Nakhudole",Nakhudole,,Lalitpur,Bagmati,Nepal,,https://maps.app.goo.gl/gCqvXN5HUQ5qtpyw8,,,prospect,,2026-04-15 09:27:16
179,Buddhi Kirana Pasal,,9708763248,"Lalitpur 25, Nakhudole",Nakhudole,,Lalitpur,Bagmati,Nepal,,https://maps.app.goo.gl/FMpTWc8isf6ty9Gf9,,,prospect,,2026-04-15 09:27:16
180,Munga Store,,9841471926,"Lalitpur 25, Nakhudole",Nakhudole,,Lalitpur,Bagmati,Nepal,,https://maps.app.goo.gl/nAVjFywFpAS6rhWBA,,,prospect,,2026-04-15 09:27:16
181,Subhadra Store,Radha Krishna Maharjan,9863860034,"Lalitpur 25, Nakhudole",Nakhudole,,Lalitpur,Bagmati,Nepal,,https://maps.app.goo.gl/etZGTMSfq9QgcRnT8,,,prospect,,2026-04-15 09:27:16
182,Yugal Suppliers,,"9843737046, 9849323634","Lalitpur 14, Shovahiti",Shovahiti,,Lalitpur,Bagmati,Nepal,,https://maps.app.goo.gl/2LgVTtRdi18FwS8R6,,,prospect,,2026-04-15 09:27:16
183,Sangel Store,,"9849326136, 9849966639","Lalitpur 14, Shovahiti",Shovahiti,,Lalitpur,Bagmati,Nepal,,https://maps.app.goo.gl/YswujssmPvQ3BZkHA,,,prospect,,2026-04-15 09:27:16
184,Uttam Store,Pinki Thapa,9869349349,"Lalitpur 14, Shovahiti",Shovahiti,,Lalitpur,Bagmati,Nepal,,https://maps.app.goo.gl/6LQmGisE1dpHeymi7,,,prospect,,2026-04-15 09:27:16
185,Menson Dairy and Phalful tatha Tarkari,Namrata Limbu,9768715699,"Lalitpur 14, Shovahiti",Shovahiti,,Lalitpur,Bagmati,Nepal,,https://maps.app.goo.gl/hS3nNUpPxn8W8rHo6,,,prospect,,2026-04-15 09:27:16
186,Prayas Masala Pasal,,"9861638336, 9865246905","Lalitpur 14, Shobahiti",Shobahiti,,Lalitpur,Bagmati,Nepal,,https://maps.app.goo.gl/tPyfwCPjGhK6t62XA,,,prospect,,2026-04-15 09:27:16
187,Simrika Khadya Store/saurid Khadya Store,,9849215866,"Lalitpur 14, Shovahiti",Shovahiti,,Lalitpur,Bagmati,Nepal,,https://maps.app.goo.gl/3VpLSk5kvEjC6Cnf6,,,prospect,,2026-04-15 09:27:16
188,Gudi General Store,,"9845002372, 9814240240","Lalitpur 14, Thasikhel",Thasikhel,,Lalitpur,Bagmati,Nepal,,https://maps.app.goo.gl/Jq7S9F1fDmxRCiHu5,,,prospect,,2026-04-15 09:27:16
189,Rasmi Dairy,Rajan Ghimire,"9843359198, 9851225266","Lalitpur 14, Thasikhel",Thasikhel,,Lalitpur,Bagmati,Nepal,,https://maps.app.goo.gl/k3tPLpjd3RMrj92F6,,,prospect,,2026-04-15 09:27:16
190,Dangal Masala Pasal,Gopal Dangal,9841986689,"Lalitpur 13, Thasikhel",Thasikhel,,Lalitpur,Bagmati,Nepal,,https://maps.app.goo.gl/PzxkfAorh78XkZUW7,,,prospect,,2026-04-15 09:27:17
191,Glan´s Variety Shop,,"9841024904, 015121545","Lalitpur 14, Thasikhel",Thasikhel,,Lalitpur,Bagmati,Nepal,,https://maps.app.goo.gl/APsMPxPgL841Jdmu7,,,prospect,,2026-04-15 09:27:17
192,Pradip Kirana Store,,9851095851,"Lalitpur 14, Jhulpakha Tole",Jhulpakha Tole,,Lalitpur,Bagmati,Nepal,,https://maps.app.goo.gl/aWpE8D6ySR5ZADWy9,,,prospect,,2026-04-15 09:27:17
193,Ranjit Store,,9849199785,"Lalitpur 13, Kusunti",Kusunti,,Lalitpur,Bagmati,Nepal,,https://maps.app.goo.gl/PZuviHs5Qf2CPFdp7,,,prospect,,2026-04-15 09:27:17
194,New Pragya Store,,9841506162,"Lalitpur 14, Kusunti",Kusunti,,Lalitpur,Bagmati,Nepal,,https://maps.app.goo.gl/4dCuXkFZcf9LKju39,,,prospect,,2026-04-15 09:27:17
195,Pemba Store,,"9808701316, 9813367176","Lalitpur 14, Milanchok",Milanchok,,Lalitpur,Bagmati,Nepal,,https://maps.app.goo.gl/MZZrBXZzGvrkwTbj6,,,prospect,,2026-04-15 09:27:17
196,Bantaba Kirana Store,,9847832671,"Lalitpur 14, Milan Chok",Milan Chok,,Lalitpur,Bagmati,Nepal,,https://maps.app.goo.gl/SgrniM5EouF4wEiH9,,,prospect,,2026-04-15 09:27:17
197,Abiral Kirana Pasal,,"9840265617, 015170132","Lalitpur 14, Milan Chok",Milan Chok,,Lalitpur,Bagmati,Nepal,,https://maps.app.goo.gl/A6zdCW96dm8RL3X6A,,,prospect,,2026-04-15 09:27:17
198,Classic Mart,Naresh,9841329550,"Lalitpur 14, Nakhhipot",Nakhhipot,,Lalitpur,Bagmati,Nepal,,https://maps.app.goo.gl/6vp6dF5tM2T3sT2i8,,,prospect,,2026-04-15 09:27:17
199,Limbu Store,Yogesh Limbu,9821354224,"Lalitpur 14, Nakhhipot",Nakhhipot,,Lalitpur,Bagmati,Nepal,,https://maps.app.goo.gl/NRwypB4Jzg8HuoyG7,,,prospect,,2026-04-15 09:27:17
200,Kirana Pasal,Puspa Rai,9860617581,"Lalitpur 14, Nakhhipot",Nakhhipot,,Lalitpur,Bagmati,Nepal,,https://maps.app.goo.gl/1koCaTHqezuUe46V9,,,prospect,,2026-04-15 09:27:17
201,Subash Store,,9813625273,"Lalitpur 26, Chokhel Chok, Football Village",Chokhel Chok,Football Village,Lalitpur,Bagmati,Nepal,,https://maps.app.goo.gl/PkdRo6rYMNuY2MoZ7,,,prospect,,2026-04-15 09:27:17
202,Thegim Store,,"9860892239, 9818498445","Lalitpur 14, Nakhipot",Nakhipot,,Lalitpur,Bagmati,Nepal,,https://maps.app.goo.gl/1NH11i7PGMtSKDVe9,,,prospect,,2026-04-15 09:27:17
203,Sing Gorkha Department Store,,"9802312227, 9765821243","Lalitpur 14, Shiv Chok",Shiv Chok,,Lalitpur,Bagmati,Nepal,,https://maps.app.goo.gl/9sK9nrYYDuRkiGqe7,,,prospect,,2026-04-15 09:27:17
204,Keshab Store Pipalbot,Kumar,9841853782,"Lalitpur 14, Milanchok, Nakhipot",Milanchok,Nakhipot,Lalitpur,Bagmati,Nepal,,https://maps.app.goo.gl/wch8W2xvqsPmQYcMA,,,prospect,,2026-04-15 09:27:17
205,Mukli Mart,,9801446699,"Lalitpur 14, Milanchok",Milanchok,,Lalitpur,Bagmati,Nepal,,https://maps.app.goo.gl/5YdtBpkLPAQ8UCP78,,,prospect,,2026-04-15 09:27:17
206,Sundar Laxmi Store,,9841335752,"Lalitpur 14, Tikhidewal",Tikhidewal,,Lalitpur,Bagmati,Nepal,,https://maps.app.goo.gl/qYyZKE2P6pShLS3QA,,,prospect,,2026-04-15 09:27:17
207,Kaucha Kirana Pasal,Nirpa,9869226358,"Lalitpur 14, Thasikhel",Thasikhel,,Lalitpur,Bagmati,Nepal,,https://maps.app.goo.gl/hNw1Yr5j5XDSKdsz7,,,prospect,,2026-04-15 09:27:17
208,Pancheshwor Store,,"9841209235, 9808461895","Lalitpur 14, Thasikhel",Thasikhel,,Lalitpur,Bagmati,Nepal,,https://maps.app.goo.gl/K9cyrri88vXNJWVf7,,,prospect,,2026-04-15 09:27:17
209,Karki Store,,,"Lalitpur 14, Thasikhel",Thasikhel,,Lalitpur,Bagmati,Nepal,,https://maps.app.goo.gl/Xcnn4sH7ENmmtDpm7,,,prospect,,2026-04-15 09:27:17
210,Sapkota Masala Pasal,,9843360213,"Lalitpur 14, Tikheldev",Tikheldev,,Lalitpur,Bagmati,Nepal,,https://maps.app.goo.gl/Yk5aguSnonRdShcT8,,,prospect,,2026-04-15 09:27:17
211,Rolpa Agro Udhyog,,"9847378934, 9847967263","Lalitpur 14, Nakhhipot",Nakhhipot,,Lalitpur,Bagmati,Nepal,,https://maps.app.goo.gl/yf91PLqJaJTUZgvw6,,,prospect,,2026-04-15 09:27:17
212,Panorama Dairy,,9851238602,"Lalitpur 14, Tachhikhel",Tachhikhel,,Lalitpur,Bagmati,Nepal,,https://maps.app.goo.gl/RviL1hShxS24PxYu5,,,prospect,,2026-04-15 09:27:17
213,Supriya Dairy,,"9862905774, 9861926928","Lalitpur 14, Tachhikhel",Tachhikhel,,Lalitpur,Bagmati,Nepal,,https://maps.app.goo.gl/KK7KkXhmYop4RBRX8,,,prospect,,2026-04-15 09:27:17
214,Sharma Store,,9849450577,"Lalitpur 14, Tachhikhel",Tachhikhel,,Lalitpur,Bagmati,Nepal,,https://maps.app.goo.gl/Yca1xWELurgJGLTw5,,,prospect,,2026-04-15 09:27:17
215,Narendra Store,,01-5152423,"Lalitpur 14, Tachhikhel",Tachhikhel,,Lalitpur,Bagmati,Nepal,,https://maps.app.goo.gl/jcvfTpGsqsZWDxKQ9,,,prospect,,2026-04-15 09:27:17
216,Laxmi Khadya Store,,"9843455721, 01-5152031, 9841637123","Lalitpur 14, Tachhikhel",Tachhikhel,,Lalitpur,Bagmati,Nepal,,https://maps.app.goo.gl/WJajek2QWREfxfHn9,,,prospect,,2026-04-15 09:27:17
217,Gorkhali Khadya Bhandar,,01-5152039,"Lalitpur 14, Tachhikhel",Tachhikhel,,Lalitpur,Bagmati,Nepal,,https://maps.app.goo.gl/Qo2ntYs4xf42dwVP9,,,prospect,,2026-04-15 09:27:17
218,Famous Dudh Dahi Pasal,,"9841678099, 9840224157",Lalitpur 14,,,Lalitpur,Bagmati,Nepal,,https://maps.app.goo.gl/45XrGoB8i1uM5asz8,,,prospect,,2026-04-15 09:27:17
219,Bhojpure Maila....,,9817340760,"Lalitpur 14, Nakhhipot",Nakhhipot,,Lalitpur,Bagmati,Nepal,,https://maps.app.goo.gl/eHtaGjob6jo5dqND6,,,prospect,,2026-04-15 09:27:17
220,Himani Grocery,,9857035714,"Lalitpur 14, Tutepani",Tutepani,,Lalitpur,Bagmati,Nepal,,https://maps.app.goo.gl/LqCmq3C44NxGcFkM7,,,prospect,,2026-04-15 09:27:17
221,Baitarni Dham Dudh Dahi,,9843131121,"Lalitpur 14, Tutepani",Tutepani,,Lalitpur,Bagmati,Nepal,,https://maps.app.goo.gl/xJeaEsqm7bznrKuSA,,,prospect,,2026-04-15 09:27:17
222,Tulasi Store,,9823127100,"Lalitpur 14, Tutepani",Tutepani,,Lalitpur,Bagmati,Nepal,,https://maps.app.goo.gl/mNebk1m5Hj1EgE7f8,,,prospect,,2026-04-15 09:27:17
223,Joy Mart,,9860240461,"Lalitpur 14, Talchikhel",Talchikhel,,Lalitpur,Bagmati,Nepal,,https://maps.app.goo.gl/mTN16mMcBRocAxFU6,,,prospect,,2026-04-15 09:27:17
224,Anita Store,,9849805477,"Lalitpur 14, Tikhideval",Tikhideval,,Lalitpur,Bagmati,Nepal,,https://maps.app.goo.gl/iSVhGt4CWtcfpaZD9,,,prospect,,2026-04-15 09:27:17
225,Panchamrit Organic Suppliers,Junu Rai,9766340347,"Lalitpur 14, Bishal Chowk",Bishal Chowk,,Lalitpur,Bagmati,Nepal,,https://maps.app.goo.gl/VEMLH6hq1hK1Zens6,,,prospect,,2026-04-15 09:27:17
226,K C Kirana Pasal,,9801884023,"Lalitpur 14, Tutepani",Tutepani,,Lalitpur,Bagmati,Nepal,,https://maps.app.goo.gl/tPoqfT4qHD7NH9TW8,,,prospect,,2026-04-15 09:27:17
227,New Malika Store,,9843368296,"Lalitpur 14, Nakhhipot",Nakhhipot,,Lalitpur,Bagmati,Nepal,,https://maps.app.goo.gl/qRfhAhffQ4LiYPoW6,,,prospect,,2026-04-15 09:27:17
228,D B Kirana Store,D B,9860522166,"Lalitpur 14, Bishal Chiwk",Bishal Chiwk,,Lalitpur,Bagmati,Nepal,,https://maps.app.goo.gl/53cCn2CFh4JagLhi8,,,prospect,,2026-04-15 09:27:17
229,L.S. Family Store,,9841408714,"Lalitpur 14, Tikhedewal",Tikhedewal,,Lalitpur,Bagmati,Nepal,,https://maps.app.goo.gl/D3jj2UHWxk79UTmg9,,,prospect,,2026-04-15 09:27:17
230,Thimile Store,,9841211282,"Lalitpur 14, Tutepani",Tutepani,,Lalitpur,Bagmati,Nepal,,https://maps.app.goo.gl/dYbjNq3HrshsFCFj8,,,prospect,,2026-04-15 09:27:17
231,Shrestha Store,,9849878173,"Lalitpur 14, Tutepani",Tutepani,,Lalitpur,Bagmati,Nepal,,https://maps.app.goo.gl/miXu7Xr6HzFnQTp19,,,prospect,,2026-04-15 09:27:17
232,New Gorkha Store,,9849932510,"Lalitpur 14, Nakhhipot",Nakhhipot,,Lalitpur,Bagmati,Nepal,,https://maps.app.goo.gl/kQYvVjW5BHtjC3Eq8,,,prospect,,2026-04-15 09:27:17
233,Brothers Enterprises,Ujjolvshrestha,9818422380,"Lalitpur 12, Lagankhel",Lagankhel,,Lalitpur,Bagmati,Nepal,,https://maps.app.goo.gl/hJLRPeHrW14Tobxk9,,,prospect,,2026-04-15 09:27:17
234,Shree Ram Enterprises,,9851328638,"Lalitpur 12, Lagankhel",Lagankhel,,Lalitpur,Bagmati,Nepal,,https://maps.app.goo.gl/H9t68XxgJTwTSbT27,,,prospect,,2026-04-15 09:27:17
235,Kirana Pasal,,,"Lalitpur 6, Lagankhel",Lagankhel,,Lalitpur,Bagmati,Nepal,,https://maps.app.goo.gl/5mZAohn8FBeCihax6,,,prospect,,2026-04-15 09:27:17
236,Harati Kirana Pasal,,9841211076,"Lalitpur 6, Lagankhel",Lagankhel,,Lalitpur,Bagmati,Nepal,,https://maps.app.goo.gl/pMFFfX24hKxiRYPbA,,,prospect,,2026-04-15 09:27:17
237,Peppercorn Traders Pvt. Ltd,,9841789732,"Lalitpur 12, Lagankhel",Lagankhel,,Lalitpur,Bagmati,Nepal,,https://maps.app.goo.gl/iaxJBfprk1iMukTA8,,,prospect,,2026-04-15 09:27:17
238,S B P Kirana Store,Jitendra Pradhan,01-5440253,"Lalitpur 12, Lagankhel",Lagankhel,,Lalitpur,Bagmati,Nepal,,https://maps.app.goo.gl/UwSM7SqjBd9quAKd7,,,prospect,,2026-04-15 09:27:17
239,Pya Pukhu Khadyanna Store,,9763242712,"Lalitpur 12, Lagankhel",Lagankhel,,Lalitpur,Bagmati,Nepal,,https://maps.app.goo.gl/BZsvm9543oucVuib8,,,prospect,,2026-04-15 09:27:17
240,Om Shree Mahalaxmi Store,,9841218707,"Lalitpur 12, Lagankhel",Lagankhel,,Lalitpur,Bagmati,Nepal,,https://maps.app.goo.gl/vShwC9amKEMBKtm68,,,prospect,,2026-04-15 09:27:17
241,Kirana Pasal,Sailendra,9808080686,"Lalitpur 12, Lagankhel",Lagankhel,,Lalitpur,Bagmati,Nepal,,https://maps.app.goo.gl/scCTDw7aqD3AdJj59,,,prospect,,2026-04-15 09:27:17
242,Shiva Store,Shiva,01-5431835,"Lalitpur 12, Chakrabahil",Chakrabahil,,Lalitpur,Bagmati,Nepal,,https://maps.app.goo.gl/BHwGY7VxSvC3FP466,,,prospect,,2026-04-15 09:27:17
243,Saugal Food Center,Sonu Shrestha,"9860925090, 9841506400","Lalitpur 12, Saugal",Saugal,,Lalitpur,Bagmati,Nepal,,https://maps.app.goo.gl/imtGicJbqaqRa9h77,,,prospect,,2026-04-15 09:27:17
244,R & R Grocery Store,,"9841214124, 9808802389","Lalitpur 6, Okubahal",Okubahal,,Lalitpur,Bagmati,Nepal,,https://maps.app.goo.gl/phmWrNu5WvwwGErF7,,,prospect,,2026-04-15 09:27:17
245,Ibhan Store,Sujan Shrestha,9803387058,"Lalitpur 6, Sinchahity",Sinchahity,,Lalitpur,Bagmati,Nepal,,https://maps.app.goo.gl/Qh6mdwE8PokoFR5Q9,,,prospect,,2026-04-15 09:27:17
246,Sandesh Store,Sandesh,9849150325,"Lalitpur 13, Jawalakhel",Jawalakhel,,Lalitpur,Bagmati,Nepal,,https://maps.app.goo.gl/b4sHwnciqtgsSUGx6,,,prospect,,2026-04-15 09:27:17
247,Shree Rakesh Store,,9841357852,"Lalitpur 4, Pulchok, Damkal Chakrapath Marga( Sumeru City Hospital Opposite)",Pulchok,Damkal Chakrapath Marga( Sumeru City Hospital Opposite),Lalitpur,Bagmati,Nepal,,https://maps.app.goo.gl/hwXzvUpGJxYmkg747,,,prospect,,2026-04-15 09:27:17
248,Saleways Departmental Store,Sudhir,9851023304,"Lalitpur 4, Jawalakhel",Jawalakhel,,Lalitpur,Bagmati,Nepal,,https://maps.app.goo.gl/QRoan4vAKYF8SZCRA,,,prospect,,2026-04-15 09:27:17
249,Indra Cold Store,,01-5554615,"Lalitpur 19, Gabahal",Gabahal,,Lalitpur,Bagmati,Nepal,,https://maps.app.goo.gl/xrntMzahcnYSBcxD6,,,prospect,,2026-04-15 09:27:17
250,Bajracharya Store,,"9861051548, 015534838","Lalitpur 19, Gabahal",Gabahal,,Lalitpur,Bagmati,Nepal,,https://maps.app.goo.gl/VCsRvAtNazG3tanZ6,,,prospect,,2026-04-15 09:27:17
251,Shrestha Food Store,,015544344,"Lalitpur 16, Daubahal",Daubahal,,Lalitpur,Bagmati,Nepal,,https://maps.app.goo.gl/GbehsBMUm4uqeEZPA,,,prospect,,2026-04-15 09:27:17
252,Kirana Pasal,Dipak,9843101678,"Lalitpur 16, Pahapal",Pahapal,,Lalitpur,Bagmati,Nepal,,https://maps.app.goo.gl/ZkmH2i3Xj192B98C7,,,prospect,,2026-04-15 09:27:17
253,Saman Store,,01-5531042,"Lalitpur 8, Sundhara",Sundhara,,Lalitpur,Bagmati,Nepal,,https://maps.app.goo.gl/cpo3G3cYVHnX2Axs8,,,prospect,,2026-04-15 09:27:17
254,Kirana Pasal,Ram Pukar Shah,9860888179,"Lalitpur 12, Saugal",Saugal,,Lalitpur,Bagmati,Nepal,,https://maps.app.goo.gl/roXYRUxWujBgcWJSA,,,prospect,,2026-04-15 09:27:17
255,I P Store,,,"Lalitpur 6, Saugal",Saugal,,Lalitpur,Bagmati,Nepal,,https://maps.app.goo.gl/EXbN49xBy6JoyPzg8,,,prospect,,2026-04-15 09:27:17
256,Bhim Tarkari Pasal,,9848584941,"Lalitpur 19, Ikhalakhu",Ikhalakhu,,Lalitpur,Bagmati,Nepal,,https://maps.app.goo.gl/hXA6pbBj654sQWE59,,,prospect,,2026-04-15 09:27:17
257,Puja Kirana Khadhyanna Suppliers,,9813308651,"Lalitpur 6, Prayagpokhari",Prayagpokhari,,Lalitpur,Bagmati,Nepal,,https://maps.app.goo.gl/qb2Vmc2jWv7NauLm7,,,prospect,,2026-04-15 09:27:17
258,Jay Ganapati Mini Store,,"9851159349, 9851159669","Lalitpur 17, Sichahiti",Sichahiti,,Lalitpur,Bagmati,Nepal,,https://maps.app.goo.gl/5wqsrqwfHZcpPSFM6,,,prospect,,2026-04-15 09:27:17
259,Kirana Pasal,Rabindra Karki,9851260447,"Lalitpur17, Jwarko",Lalitpur17,Jwarko,Lalitpur,Bagmati,Nepal,,https://maps.app.goo.gl/vNrYwnG2ciDDpiAm6,,,prospect,,2026-04-15 09:27:17
260,Kabin Khadya Bhandar,,"9803573682, 9860212427","Lalitpur 2, Imadol",Imadol,,Lalitpur,Bagmati,Nepal,,https://maps.app.goo.gl/duhQKUpVHVzpat1m9,,,prospect,,2026-04-15 09:27:17
261,Shree Acharya Store,,9849053645,"Mahalaxmi 2, Imadol, Lalitpur",Mahalaxmi 2,Imadol,Lalitpur,Bagmati,Nepal,,https://maps.app.goo.gl/aPa3P6vj3Wrxf13f6,,,prospect,,2026-04-15 09:27:17
262,Yesto Store and Mini Store,,015200454,"Mahalaxmi 2, Imadol, Lalitpur",Mahalaxmi 2,Imadol,Lalitpur,Bagmati,Nepal,,https://maps.app.goo.gl/but1ArSDZQqgBz2VA,,,prospect,,2026-04-15 09:27:17
263,Sneha Dry Fruits,,9804814657,"Mahalaxmi 2, Imadol, Lalitpur",Mahalaxmi 2,Imadol,Lalitpur,Bagmati,Nepal,,https://maps.app.goo.gl/ir5LcDKv6b6S23Hy7,,,prospect,,2026-04-15 09:27:17
264,Neupane Kirana Pasal,,9818844502,"Malaxmi 1, Ratomakai Chok, Lalitpur",Malaxmi 1,Ratomakai Chok,Lalitpur,Bagmati,Nepal,,https://maps.app.goo.gl/C9quV2BVoLGex9xeA,,,prospect,,2026-04-15 09:27:17
265,Dipak Store,Mohan Shah,9810341927,"Mahalaxmi 1, Imadol, Lalitpur",Mahalaxmi 1,Imadol,Lalitpur,Bagmati,Nepal,,https://maps.app.goo.gl/dA5eamEgwdpVhQ8C6,,,prospect,,2026-04-15 09:27:17
266,Shree Shraddha Store,Sagar Thapa,9851072463,"Mahaxmi 1, Imadol",Mahaxmi 1,Imadol,Lalitpur,Bagmati,Nepal,,https://maps.app.goo.gl/WTSHvy5aXzejcWeS8,,,prospect,,2026-04-15 09:27:17
267,Manjushree Masala Abd Dry Fruits,,"9851361340, 9803973867","Makaxmi 1, Imadol, Lalitpur",Makaxmi 1,Imadol,Lalitpur,Bagmati,Nepal,,https://maps.app.goo.gl/de72AV5asXQPMinR8,,,prospect,,2026-04-15 09:27:17
268,Nunendra Store,,9851019136,"Mahalaxmi 1 Imadol, Lalitpur",Mahalaxmi 1 Imadol,Lalitpur,Lalitpur,Bagmati,Nepal,,https://maps.app.goo.gl/YADNAY99Sht5MCb86,,,prospect,,2026-04-15 09:27:17
269,Pokhrel Traders,Damodar Pokhrel,9851074780,"Mahalaxmi 1, Imadol, Lalitpur",Mahalaxmi 1,Imadol,Lalitpur,Bagmati,Nepal,,https://maps.app.goo.gl/bFGWQhwQc4xmnQiz9,,,prospect,,2026-04-15 09:27:17
270,Chaurasiya Kirana Store,,"9823239272, 9808509313","Mahalaxmi 1, Imadol, Lalitpur",Mahalaxmi 1,Imadol,Lalitpur,Bagmati,Nepal,,https://maps.app.goo.gl/MrscMh56SFvrkMuj7,,,prospect,,2026-04-15 09:27:17
271,Shuv Laxmi Store,,,"Mahalaxmi 1, Imadol, Lalitpur",Mahalaxmi 1,Imadol,Lalitpur,Bagmati,Nepal,,https://maps.app.goo.gl/XgBE1Smn1uc8vkcY9,,,prospect,,2026-04-15 09:27:17
272,Balaji Kirana Masala Pasal,,9812008913,"Mahalaxmi 1, Imadol, Lalitpur",Mahalaxmi 1,Imadol,Lalitpur,Bagmati,Nepal,,https://maps.app.goo.gl/NjaoWAuBHBsdAxMKA,,,prospect,,2026-04-15 09:27:17
273,Ranjit Masala Udhyog,Gauri Das Ranjitkar,9841191922,"Lalitpur 13, Nakhhu",Nakhhu,,Lalitpur,Bagmati,Nepal,,https://maps.app.goo.gl/F9nGUR4ZUgEjz9du9,,,prospect,,2026-04-15 09:27:17
274,Pushpa Store,,,"Lalitpur 4, Nakhu",Nakhu,,Lalitpur,Bagmati,Nepal,,https://maps.app.goo.gl/FLn8ZY7iozzRmv3y8,,,prospect,,2026-04-15 09:27:17
275,Fresh Vegetable Shop,Prem,9860101771,"Lalitpur 4, Nakhu",Nakhu,,Lalitpur,Bagmati,Nepal,,https://maps.app.goo.gl/9dfMecBmxuXy1bDC9,,,prospect,,2026-04-15 09:27:17
276,Samas Dairy and Suppliers,Bimarsha Timalsina,9842936433,"Lalitpur 13, Nakhu",Nakhu,,Lalitpur,Bagmati,Nepal,,https://maps.app.goo.gl/Rs3k8zWsbMywq3tA6,,,prospect,,2026-04-15 09:27:17
277,Kusunti Dairy Center,,"9841174445, 9744238117","Lalitpur 13, Kusunti",Kusunti,,Lalitpur,Bagmati,Nepal,,https://maps.app.goo.gl/C61RSDgmDi9xZXGj6,,,prospect,,2026-04-15 09:27:17
278,Bhimsen Store,Maheshwor Shrestha,9849644626,"Lalitpur 13, Kusunti",Kusunti,,Lalitpur,Bagmati,Nepal,,https://maps.app.goo.gl/7Xrt3CRCZpRZcHFc6,,,prospect,,2026-04-15 09:27:17
279,Sujana Store,,9841795865,"Lalitpur 13, Kusunti",Kusunti,,Lalitpur,Bagmati,Nepal,,https://maps.app.goo.gl/uLSKhQaSRJHXjeGP6,,,prospect,,2026-04-15 09:27:17
280,Ridam Store,Rupa Rai,9822768164,"Lalitpur 13, Kusunti",Kusunti,,Lalitpur,Bagmati,Nepal,,https://maps.app.goo.gl/iwBpEJkfBH5CRUXU6,,,prospect,,2026-04-15 09:27:17
281,Kriss Store,,,"Lalitpur 13, Kusunti",Kusunti,,Lalitpur,Bagmati,Nepal,,https://maps.app.goo.gl/nf8vpoZ8FuQa8Rzh7,,,prospect,,2026-04-15 09:27:17
282,Goma Store,Goma,9825703455,"Lalitpur 4, Bagdol",Bagdol,,Lalitpur,Bagmati,Nepal,,https://maps.app.goo.gl/miV1sZ9Bt2JzxihT6,,,prospect,,2026-04-15 09:27:17
283,Variety Super Mart,,9851156373,"Lalitpur 4, Bagdol",Bagdol,,Lalitpur,Bagmati,Nepal,,https://maps.app.goo.gl/zNsva5tqqjbjLuG58,,,prospect,,2026-04-15 09:27:17
284,Radhika Khadhyanna Store,,9841184635,"Lalitpur 4, Bagdol",Bagdol,,Lalitpur,Bagmati,Nepal,,https://maps.app.goo.gl/EfV6p7Fvqfd5Jv1RA,,,prospect,,2026-04-15 09:27:17
285,Nima Store,,9843061677,"Lalitpur 4, Bagdol",Bagdol,,Lalitpur,Bagmati,Nepal,,https://maps.app.goo.gl/EHNY6AHKdK1W65t36,,,prospect,,2026-04-15 09:27:17
286,Gopal Store,,9849809390,"Lalitpur 25, Phulbari Marg, Bhaisepati",Phulbari Marg,Bhaisepati,Lalitpur,Bagmati,Nepal,,https://maps.app.goo.gl/Lwc3oFuGfQ2TUq4U9,,,prospect,,2026-04-15 09:27:17
287,Kirana Pasal,Anil Karki,9762784697,"Lalitpur 3, Sanepa",Sanepa,,Lalitpur,Bagmati,Nepal,,https://maps.app.goo.gl/MSX1ywjJrJqXzjy19,,,prospect,,2026-04-15 09:27:17
288,Prakash and Brothers Kirana Pasal,,9851182612,"Lalitpur 8, Balkumari",Balkumari,,Lalitpur,Bagmati,Nepal,,https://maps.app.goo.gl/inQcGREQrkyFb6Ti9,,,prospect,,2026-04-15 09:27:17
289,Balkrishna Stores,,,"Lalitpur 8, Bhalakhel",Bhalakhel,,Lalitpur,Bagmati,Nepal,,https://maps.app.goo.gl/yTU8uNHggNbhBZhaA,,,prospect,,2026-04-15 09:27:17
290,Mahalaxmi Store,,,"Lalitpur 8, Bholdhoka",Bholdhoka,,Lalitpur,Bagmati,Nepal,,https://maps.app.goo.gl/QZ7xgEii4scR9mJHA,,,prospect,,2026-04-15 09:27:17
291,Dhapakhel General Store,,9851411490,"Lalitpur 23, Dhapakhel",Dhapakhel,,Lalitpur,Bagmati,Nepal,,https://maps.app.goo.gl/pJcjNbfPM8UYXbHg8,,,prospect,,2026-04-15 09:27:17
292,Jenisha Khudra Kirana Pasal,,9860468855,"Lalitpur 23, Dhapakhel",Dhapakhel,,Lalitpur,Bagmati,Nepal,,https://maps.app.goo.gl/GeLbxiAKBYJQwUM49,,,prospect,,2026-04-15 09:27:17
293,Rabi Store,,"9808565772, 9703511750","Lalitpur 23, Dhapakhel",Dhapakhel,,Lalitpur,Bagmati,Nepal,,https://maps.app.goo.gl/R1JzNh8gXC1r9Lt96,,,prospect,,2026-04-15 09:27:17
294,BRM Store,Balaram Maharjan,9849358427,"Lalitpur 23, Dhapakhel",Dhapakhel,,Lalitpur,Bagmati,Nepal,,https://maps.app.goo.gl/X91kPFY1gE6rAXRd7,,,prospect,,2026-04-15 09:27:17
295,Shivam Cold Store,,9841442326,"Lalitpur 23, Dhapakhel",Dhapakhel,,Lalitpur,Bagmati,Nepal,,https://maps.app.goo.gl/a8EuyFTLkMFqXKu29,,,prospect,,2026-04-15 09:27:17
296,Menuka Store,,,"Lalitpur 23, Dhapakhel",Dhapakhel,,Lalitpur,Bagmati,Nepal,,https://maps.app.goo.gl/Vb5WfKN9piokGufe8,,,prospect,,2026-04-15 09:27:17
297,Anjali and Ambika Store,Gangaram,9841508615,"Lalitpur 23, Dhapakhel",Dhapakhel,,Lalitpur,Bagmati,Nepal,,https://maps.app.goo.gl/yU6W2aU7JCtAbfFLA,,,prospect,,2026-04-15 09:27:17
298,Hukum Chidi Mart,Abhishek Bastola,9846482160,"Lalitpur 23, Dhapakhel",Dhapakhel,,Lalitpur,Bagmati,Nepal,,https://maps.app.goo.gl/MbHjWYgJKcFbB6W39,,,prospect,,2026-04-15 09:27:17
299,Chaurasiya Kirana Store,Bharat Prasad,9818781950,"Lalitpur 23, Dhapakhel",Dhapakhel,,Lalitpur,Bagmati,Nepal,,https://maps.app.goo.gl/mCQGbcvP2tHNU8cs6,,,prospect,,2026-04-15 09:27:17
300,Sabita Store,Shyam,9803428170,"Lalitpur 23, Dhapakhel",Dhapakhel,,Lalitpur,Bagmati,Nepal,,https://maps.app.goo.gl/wj4xkbMYpxA4GmMXA,,,prospect,,2026-04-15 09:27:17
301,Sarita Store,Sarita Maharjan,,"Lalitpur 23, Dhapakhel",Dhapakhel,,Lalitpur,Bagmati,Nepal,,https://maps.app.goo.gl/5rcHsNn7duoUbqqm6,,,prospect,,2026-04-15 09:27:17
302,Tribeni Enterprises,,,"Lalitpur 23, Dhapakhel",Dhapakhel,,Lalitpur,Bagmati,Nepal,,https://maps.app.goo.gl/uXyr35FvyT6qdGbn9,,,prospect,,2026-04-15 09:27:17
303,Laxmi Kirana Store,,9860234407,"Lalitpur 23, Dhapakhel",Dhapakhel,,Lalitpur,Bagmati,Nepal,,https://maps.app.goo.gl/ht89qvskSNUpKEHx8,,,prospect,,2026-04-15 09:27:17
304,Sabina Store,,,"Lalitpur 23, Dhapakhel",Dhapakhel,,Lalitpur,Bagmati,Nepal,,https://maps.app.goo.gl/XrFpAMf1zFxCNCsL7,,,prospect,,2026-04-15 09:27:17
305,Chaurasiya Traders,,9860233561,"Lalitpur 23, Dhapakhel",Dhapakhel,,Lalitpur,Bagmati,Nepal,,https://maps.app.goo.gl/RqboBerNXuVr1nzMA,,,prospect,,2026-04-15 09:27:17
306,Timalsina Dairy Center,,"9843061577, 9843290570","Lalitpur 23, Dhapakhel",Dhapakhel,,Lalitpur,Bagmati,Nepal,,https://maps.app.goo.gl/9dZHSFWVopLG4EiJ6,,,prospect,,2026-04-15 09:27:17
307,Rambabu Yadav Store,,"9818503499, 9746557350","Lalitpur 23, Dhapakhel",Dhapakhel,,Lalitpur,Bagmati,Nepal,,https://maps.app.goo.gl/iPLrkFWz3bbLBo3G7,,,prospect,,2026-04-15 09:27:17
308,Tarkari tatha Kirana Pasal,,,"Lalitpur 23, Dhapakhel",Dhapakhel,,Lalitpur,Bagmati,Nepal,,https://maps.app.goo.gl/Rbw9Na7K2p6KKnsF7,,,prospect,,2026-04-15 09:27:17
309,Sharma Store,Karan Sharma,9811538895,"Lalitpur 23, Dhapakhel",Dhapakhel,,Lalitpur,Bagmati,Nepal,,https://maps.app.goo.gl/cJ5DCJYyWz5UuRaM6,,,prospect,,2026-04-15 09:27:17
310,Khadka Store,,"9841540750, 9851218806","Lalitpur 23, Dhapakhel",Dhapakhel,,Lalitpur,Bagmati,Nepal,,https://maps.app.goo.gl/U3a2TUfvLNwvoc4B9,,,prospect,,2026-04-15 09:27:17
311,Maya Store,Shyam Prakash Shrestha,9823116639,"Lalitpur 24, Chautara, Dhapakhel",Chautara,Dhapakhel,Lalitpur,Bagmati,Nepal,,https://maps.app.goo.gl/dy7sTuJCnFW3Wu649,,,prospect,,2026-04-15 09:27:17
312,Aakriti Dairy and Kirana Store,,,"Lalitpur 24, Chautara, Dhapakhel",Chautara,Dhapakhel,Lalitpur,Bagmati,Nepal,,https://maps.app.goo.gl/gGq7GtVYnG66VcJP8,,,prospect,,2026-04-15 09:27:17
313,Mahalaxmi Store,Dipak Akestectar,"9813366063, 9863646956","Lalitpur 24, Bansghari",Bansghari,,Lalitpur,Bagmati,Nepal,,https://maps.app.goo.gl/PMEWwrPF1U8ws8n98,,,prospect,,2026-04-15 09:27:17
314,Ranjana Kirana Pasal,,,"Lalitpur 23, Dhapakhel, Icimode",Dhapakhel,Icimode,Lalitpur,Bagmati,Nepal,,https://maps.app.goo.gl/CbWZFNoLKGhbFWqHA,,,prospect,,2026-04-15 09:27:17
315,Needs Agro Suppliers,,,"Lalitpur 23, Dhapakhel",Dhapakhel,,Lalitpur,Bagmati,Nepal,,https://maps.app.goo.gl/nSkcp4hFH2jGq2H66,,,prospect,,2026-04-15 09:27:17
316,Ilam Store,Dipendra,"9863838503, 9807318805","Lalitpur 15, Shantinagar",Shantinagar,,Lalitpur,Bagmati,Nepal,,https://maps.app.goo.gl/3h4gdQTAFjjFitpS9,,,prospect,,2026-04-15 09:27:17
317,New Bhadrakali Dairy n Grocery Shop,,9861387735,"Lalitpur 15, Khumaltar, Shantinagar",Khumaltar,Shantinagar,Lalitpur,Bagmati,Nepal,,https://maps.app.goo.gl/M6YSNCny2WkBecMD9,,,prospect,,2026-04-15 09:27:17
318,Sudhan Store,,9840235981,"Lalitpur 23, Khumaltar, Dhapakhel",Khumaltar,Dhapakhel,Lalitpur,Bagmati,Nepal,,https://maps.app.goo.gl/bzn2T5Toe7n9WCkF7,,,prospect,,2026-04-15 09:27:17
319,Gita / Shrestha Kirana Pasal,,"9843056864, 9803251884","Lalitpur 15, Khumaltar",Khumaltar,,Lalitpur,Bagmati,Nepal,,https://maps.app.goo.gl/Gm5PsDwejb49rTSn6,,,prospect,,2026-04-15 09:27:17
320,Ramechap Kirana n Tarkari Pasal,,"9849868402, 9863391449","Lalitpur 23, Khumaltar",Khumaltar,,Lalitpur,Bagmati,Nepal,,https://maps.app.goo.gl/7LrWHdxh164F4Vq67,,,prospect,,2026-04-15 09:27:17
321,Diya Khadya Store and Mart,,9864258929,"Lalitpur 15, Khumaltar, Dholahiti",Khumaltar,Dholahiti,Lalitpur,Bagmati,Nepal,,https://maps.app.goo.gl/9aryzsyDfBapLLpy5,,,prospect,,2026-04-15 09:27:17
322,Sophia Store,Rajkumar Ghale,9843129540,"Lalitpur 15, Khumaltar",Khumaltar,,Lalitpur,Bagmati,Nepal,,https://maps.app.goo.gl/tzjoUukbUfPhBCkD6,,,prospect,,2026-04-15 09:27:17
323,Krishika Dairy n Kirana Pasal,,9741665964,"Lalitpur 15, Khumaltar",Khumaltar,,Lalitpur,Bagmati,Nepal,,https://maps.app.goo.gl/85VjJcodk6TMxP6i8,,,prospect,,2026-04-15 09:27:17
324,Raj Kumar Store,,9841742773,"Lalitpur 15, Khumaltar",Khumaltar,,Lalitpur,Bagmati,Nepal,,https://maps.app.goo.gl/zVDkDTdUZp6uHBxT9,,,prospect,,2026-04-15 09:27:17
325,Ishan Kirana Store,,,"Lalitpur14, Dholahiti",Lalitpur14,Dholahiti,Lalitpur,Bagmati,Nepal,,https://maps.app.goo.gl/hdui1JDho9UXPEXy6,,,prospect,,2026-04-15 09:27:17
326,Lajima Store,Sunil,9841439538,"Lalitpur 15, Khumaltar",Khumaltar,,Lalitpur,Bagmati,Nepal,,https://maps.app.goo.gl/f,,,prospect,,2026-04-15 09:27:17
327,Mahalaxmi Store,,9841853004,"Lalitpur 15, Khumaltar",Khumaltar,,Lalitpur,Bagmati,Nepal,,https://maps.app.goo.gl/cpH78Gg77H9yCobZ8,,,prospect,,2026-04-15 09:27:17
328,Shubham Store,,9864352641,"Lalitpur 15, Khumaltar",Khumaltar,,Lalitpur,Bagmati,Nepal,,https://maps.app.goo.gl/vzmUzJYamwwpasv98,,,prospect,,2026-04-15 09:27:17
329,Ishya Store,Lalita,9849274615,"Lalitpur 15, Khumaltar",Khumaltar,,Lalitpur,Bagmati,Nepal,,https://maps.app.goo.gl/emgMohkaVRad6a7Q7,,,prospect,,2026-04-15 09:27:17
330,Aesorya Enterprises,,9823635340,"Lalitpur 15, Khumaltar",Khumaltar,,Lalitpur,Bagmati,Nepal,,https://maps.app.goo.gl/mqiDY6aA1jsoJ1Hk8,,,prospect,,2026-04-15 09:27:17
331,Bindabasini Masala Pasal,Kedar,9841713912,"Lalitpur 15, Khumaltar",Khumaltar,,Lalitpur,Bagmati,Nepal,,https://maps.app.goo.gl/7LMZ8AUTDBwhXYT5A,,,prospect,,2026-04-15 09:27:17
332,Santaneshwor Dudh Dairy,,"9851064131, 9851092045","Lalitpur 15, Khumaltar",Khumaltar,,Lalitpur,Bagmati,Nepal,,https://maps.app.goo.gl/hmguWaziC2KmtoMUA,,,prospect,,2026-04-15 09:27:17
333,New Sharma Stores,,9841858251,"Lalitpur 26, Dholahiti",Dholahiti,,Lalitpur,Bagmati,Nepal,,https://maps.app.goo.gl/8iCzUnscSEZ9LZ1F6,,,prospect,,2026-04-15 09:27:17
334,Dinesh Store,,9849187923,"Lalitpur 26, Dholahiti",Dholahiti,,Lalitpur,Bagmati,Nepal,,https://maps.app.goo.gl/FUk5aUxVbGoWjx8o7,,,prospect,,2026-04-15 09:27:17
335,A K Phalphul tatha Kirana Pasal,,9861748601,"Lalitpur 26, Dholihiti",Dholihiti,,Lalitpur,Bagmati,Nepal,,https://maps.app.goo.gl/cZvzthFMbftJnkFZ6,,,prospect,,2026-04-15 09:27:17
336,Ramit Dudh Dairy Tatha...,,9849427790,"Lalitpur 26, Dholahiti",Dholahiti,,Lalitpur,Bagmati,Nepal,,https://maps.app.goo.gl/oQFGUg3vB8tHPsh36,,,prospect,,2026-04-15 09:27:17
337,Panchamrit Organic Suppliers,,"9820232945, 9813343157","Lalitpur 26, Chibahal Gate",Chibahal Gate,,Lalitpur,Bagmati,Nepal,,https://maps.app.goo.gl/K6rBTMWocTxTxJ3Q6,,,prospect,,2026-04-15 09:27:17
338,Simako Store,,9841398428,"Lalitpur 26, Sunakothi",Sunakothi,,Lalitpur,Bagmati,Nepal,,https://maps.app.goo.gl/D1ey5ZN7gKmfZmhQ8,,,prospect,,2026-04-15 09:27:17
339,Shyam Store,,9869133979,"Lalitpur 26, Sunakothi",Sunakothi,,Lalitpur,Bagmati,Nepal,,https://maps.app.goo.gl/gLq5SFSqjMipgaWp6,,,prospect,,2026-04-15 09:27:17
340,Monalisha Store,,9841789572,"Lalitpur 26, Sunakothi",Sunakothi,,Lalitpur,Bagmati,Nepal,,https://maps.app.goo.gl/EGsve1sNdhmy2rwM9,,,prospect,,2026-04-15 09:27:17
341,Lapsi House,,9841929170,"Lalitpur 26, Sunakothi",Sunakothi,,Lalitpur,Bagmati,Nepal,,https://maps.app.goo.gl/UkqvD5eKTgmPxzdN8,,,prospect,,2026-04-15 09:27:17
342,Jashmin Store,,9841923094,"Lalitpur 26, Sunakothi",Sunakothi,,Lalitpur,Bagmati,Nepal,,https://maps.app.goo.gl/VE3dEi5qtJvT5afu6,,,prospect,,2026-04-15 09:27:17
343,Nanda Kumari Store,,9849627981,"Lalitpur 26, Sunakothi",Sunakothi,,Lalitpur,Bagmati,Nepal,,https://maps.app.goo.gl/BasVrP4aZuiNy5L3A,,,prospect,,2026-04-15 09:27:17
344,Chini Kaji Pasal,,01-5573275,"Lalitpur 26, Sunakothi",Sunakothi,,Lalitpur,Bagmati,Nepal,,https://maps.app.goo.gl/HV6rpJfRYNmscWpw8,,,prospect,,2026-04-15 09:27:17
345,New Thapa Store and Enterprises,,9841444905,"Lalitpur 26, Dholahiti",Dholahiti,,Lalitpur,Bagmati,Nepal,,https://maps.app.goo.gl/DVPpsC4VXk1th6NM8,,,prospect,,2026-04-15 09:27:17
346,Biscuit Pasal(laxmi Business House),,9702600233,"Lalitpur 26, Dholihiti",Dholihiti,,Lalitpur,Bagmati,Nepal,,https://maps.app.goo.gl/XD1Z8hUwKo7nNP9J9,,,prospect,,2026-04-15 09:27:17
